service,username,password
Instagram,redbayman,eWsvsTnsb
Biodex,swilson0,pIRwae
Regrant,kryan1,3SLWeV
Transcof,abell2,akA4Jo
Asoka,balvarez3,Ngwx0HWwE
QuoLux,asimmons4,i22NAUGEHxXm
Cookley,jtaylor5,D8lV07Z
Ronstring,rhamilton6,zwXvlJT
Voyatouch,rgutierrez7,EjoFYtR5sd1
Andalax,eyoung8,bZlz3bAQ
Bitwolf,ddiaz9,KxPDoX
Voltsillam,jsimmonsa,L5FXJfrO9
Namfix,jblackb,komDsHTz
Fintone,atorresc,nzbkm9wW
Vagram,mkelleyd,qSk0ehgNhKeQ
Hatity,hfreemane,xouOwmQen0UJ
Lotstring,salvarezf,kARXM8gNi3Z
Mat Lam Tam,skellyg,brCr9058nZ1
Zathin,bcarterh,PY15G2d
Flexidy,cparkeri,PEmTH4
Aerified,hcarterj,h8rXJrCE
Tres-Zap,sburkek,tQNiYOTp
Pannier,ssullivanl,Xj3ywP7O3
Zoolab,mhowardm,2ZElmM85F
Span,bjacobsn,rPM6Tb
Treeflex,mwarreno,lWV1lrCzx2
Transcof,ifordp,ivVgbCweKqmH
Solarbreeze,jsullivanq,T3oADeYieI
Tempsoft,rcunninghamr,J01BLQuzq7
Overhold,alewiss,rAvE06
Wrapsafe,smoralest,rSTeDfmQSN
Biodex,trayu,hJuivLuRo
MatLamTam,bjenkinsv,WXyPzJt
Temp,hortizw,uvgaGaRX
Zoolab,jelliottx,SFZnj246
Hatity,ajonesy,8qpH8TBEXHYM
Y-find,jbishopz,5Ofga6B
Bamity,raustin10,UrHwutI
QuoLux,manderson11,GnBcpeW
Tempsoft,sdaniels12,SH3BRbQSm0
Matsoft,hrobertson13,g2d3TzW
Hatity,imorris14,DHcxT4o9N
Toughjoyfax,ccarroll15,cnaxRLAu
Aerified,jbishop16,ZXFpPHQLL8IM
Vagram,tcarr17,6IQP6GZdkCj
Y-find,cmorrison18,lnVVR0gFYI
Greenlam,jsmith19,qoa0Ee3
Pannier,schapman1a,VjHw9E
Transcof,kparker1b,6HXhdLXDH
Matsoft,kbryant1c,jlWgNZFt
Tampflex,shunter1d,XzJ6GabfBtU
